,word1,word2,prediction
0,abandon,frost,-0.9947433592751622
1,abandon,railroad,-0.9380834102630615
2,abortion,religion,-0.6685512065887451
3,abstract,candle,-0.7346661686897278
4,abstract,frog,-0.7597418278455734
5,abstract,moon,-0.845161110162735
6,abstract,rally,-0.9221430569887161
7,abuse,abuse,0.0
8,abuse,disorder,-0.6464811861515045
9,accommodate,adjust,-0.5378888249397278
10,accommodation,accommodation,0.0
11,accompany,walking,-0.9559316486120224
12,account,explanation,-0.8154449611902237
13,account,invoice,-0.7003272473812103
14,act,improvement,-0.9344321042299271
15,action,adjustment,-0.6392493844032288
16,action,entrance,-0.9061685428023338
17,activity,solo,-0.9204022437334061
18,activity,variation,-0.8612639158964157
19,actor,amateur,-0.6211561262607574
20,ad,track,-0.9707661289721727
21,add,increased,-0.9041324853897095
22,add,string,-0.8991734012961388
23,addition,segment,-0.8200769126415253
24,admitting,confess,-0.5670424401760101
25,adult,dentist,-0.7964611202478409
26,advance,advance,0.0
27,advance,string,-0.824128270149231
28,advice,recommendation,-0.7441825270652771
29,advised,murder,-0.908519335091114
30,aerial,clown,-0.8437478244304657
31,africa,territory,-0.7519756853580475
32,age,history,-0.8433622717857361
33,agency,police,-0.735977292060852
34,aim,intending,-0.7340661287307739
35,air,cold,-0.6642132699489594
36,air,plasma,-0.7954595983028412
37,air,satellite,-0.8227819800376892
38,aircraft,fleet,-0.4813578128814697
39,aircraft,flight,-0.5789131820201874
40,aircraft,yacht,-0.7051066756248474
41,airplane,plane,-0.4456256031990051
42,ale,bitter,-0.7383720278739929
43,alley,street,-0.5985437333583832
44,aluminum,component,-0.6898005306720734
45,aluminum,imperative,-0.9519055634737015
46,american,lobster,-0.9898769501596689
47,ammunition,intolerable,-0.9576326347887516
48,amount,number,-0.5591893792152405
49,amounted,make,-0.8213335424661636
50,amusement,athletics,-0.8915528208017349
51,amusement,procedure,-0.8707896173000336
52,anatomy,palm,-0.9388118721544743
53,ancient,city,-0.7720894813537598
54,angel,asphalt,-0.8297683447599411
55,angel,pod,-0.9010185748338699
56,angrier,stormy,-0.8932577222585678
57,animal,asia,-0.840721070766449
58,animal,flora,-0.7468444406986237
59,animal,giraffe,-0.6520992517471313
60,animal,mural,-0.8424422293901443
61,animal,wild,-0.6407999694347382
62,animal,worm,-0.7651716768741608
63,animal,zoo,-0.697175532579422
64,anniversary,marriage,-0.8594526201486588
65,answering,counter,-0.8568564206361771
66,anxiety,insecurities,-0.6563561856746674
67,apartment,staircase,-0.6724695265293121
68,appliance,dryer,-0.6368537843227386
69,appreciate,see,-0.6801280975341797
70,approach,avenue,-0.9200629964470863
71,approach,merit,-0.8470952659845352
72,approach,trench,-0.9541572406888008
73,approval,encouragement,-0.6889839172363281
74,approving,interaction,-0.8867068439722061
75,aquarium,coin,-0.8909360989928246
76,arch,brick,-0.5960491299629211
77,arch,roof,-0.7666424810886383
78,architecture,urban,-0.6629487872123718
79,area,space,-0.6898021996021271
80,argument,evidence,-0.7317074537277222
81,arm,bicycle,-0.7391370832920074
82,arm,television,-0.905592106282711
83,arrange,discard,-0.5764340758323669
84,arrange,study,-0.960275549441576
85,arrangement,blizzard,-0.9409869126975536
86,arrangement,room,-0.8723141998052597
87,art,craft,-0.7229951918125153
88,art,gem,-0.7534761875867844
89,art,museum,-0.4982008934020996
90,art,painting,-0.4662501811981201
91,article,cup,-0.9058245718479156
92,article,girl,-0.9801555499434471
93,ash,bone,-0.7702756822109222
94,ash,coil,-0.8013988584280014
95,asphalt,crane,-0.7267972826957703
96,asphalt,water,-0.7267253398895264
97,assets,exclude,-0.8198685497045517
98,association,organization,-0.6228920817375183
99,association,realtor,-0.7938448190689087
100,asylum,dollar,-0.8886407092213631
101,asylum,shelter,-0.7586032450199127
102,athletics,racing,-0.6798882186412811
103,athletics,swimming,-0.630056232213974
104,attempt,give,-0.9625093825161457
105,attempt,initiate,-0.8625776767730713
106,attitude,notice,-0.8592016696929932
107,attitude,study,-0.9266858100891113
108,attorney,lawyer,-0.3672165274620056
109,auto,bright,-0.8799028024077415
110,automobile,fabric,-0.882229745388031
111,automobile,racing,-0.7835652530193329
112,autumn,foliage,-0.4669305682182312
113,autumn,hat,-0.7858432531356812
114,autumn,sunshine,-0.5109948813915253
115,autumn,winter,-0.49535077810287476
116,award,citation,-0.4339870810508728
117,baby,treat,-0.8429732769727707
118,back,lumbar,-0.8286609202623367
119,back,shifting,-0.8690035492181778
120,bacon,bread,-0.31006646156311035
121,bacon,pepper,-0.5053074359893799
122,bacon,salad,-0.4373713731765747
123,bacon,tomato,-0.37287235260009766
124,bacon,wild,-0.7791538834571838
125,bag,cop,-0.8414709717035294
126,bag,flag,-0.8261894881725311
127,bakery,cake,-0.5885643362998962
128,bakery,vehicle,-0.803528368473053
129,balance,gauge,-0.7559621185064316
130,banana,salad,-0.5452257096767426
131,band,guitar,-0.4170351028442383
132,band,metal,-0.7948073297739029
133,band,play,-0.8218809217214584
134,band,uniform,-0.836511567234993
135,band,vinyl,-0.752212181687355
136,bank,smell,-1.03222219273448
137,bankruptcy,enterprise,-0.7712340354919434
138,bar,diner,-0.5230390131473541
139,bar,ship,-0.97074930742383
140,bar,stair,-0.8509995937347412
141,bar,sushi,-0.6011375486850739
142,barn,food,-0.8656391352415085
143,barrel,gallon,-0.42270129919052124
144,base,club,-0.8646842688322067
145,baseball,born,-0.9906543558463454
146,baseball,cactus,-0.7644031345844269
147,baseball,game,-0.5974507331848145
148,baseball,hockey,-0.5090521275997162
149,baseball,season,-0.7037959098815918
150,basket,dinner,-0.7535857111215591
151,basketball,lesson,-0.9190968498587608
152,basketball,squash,-0.7808933556079865
153,bat,bats,-0.3292829394340515
154,bath,bedroom,-0.5607661604881287
155,bath,floor,-0.6506275236606598
156,bath,hot,-0.5913352966308594
157,bath,sleep,-0.7074990570545197
158,bathroom,chamber,-0.8390074670314789
159,bay,curve,-0.9450903609395027
160,bay,harbour,-0.57410728931427
161,beach,cliff,-0.6296004354953766
162,beach,pebble,-0.7327365279197693
163,bead,chess,-0.8012376874685287
164,bead,gold,-0.8065722733736038
165,bead,redhead,-0.9935861662961543
166,beam,column,-0.8306191861629486
167,beard,hair,-0.3661022186279297
168,beat,meter,-0.7699342966079712
169,bed,candy,-0.7152619659900665
170,bed,floor,-0.6972653865814209
171,bed,furniture,-0.6565329432487488
172,bed,layer,-0.7939050942659378
173,bed,pillow,-0.4729698896408081
174,bed,relax,-0.7728458940982819
175,bed,sitting,-0.4849609136581421
176,bed,staircase,-0.7747549712657928
177,bedroom,canyon,-0.794210746884346
178,bedroom,ceiling,-0.5607371926307678
179,bedroom,cell,-0.8015006482601166
180,bedroom,construction,-0.9970642144326121
181,bedroom,door,-0.5745294690132141
182,bedroom,downtown,-0.856326699256897
183,bedroom,room,-0.4498164653778076
184,bedroom,stair,-0.7644191384315491
185,bedroom,staircase,-0.6419638395309448
186,beef,chicken,-0.25422751903533936
187,beef,lamb,-0.377868115901947
188,beef,pepper,-0.593964695930481
189,beef,potato,-0.5085028409957886
190,beer,patio,-0.6952063739299774
191,beer,wild,-0.8361428081989288
192,being,characters,-0.8240999728441238
193,believe,week,-0.9893131414428353
194,belly,black,-0.6447161734104156
195,belly,dance,-0.6594226956367493
196,belly,dark,-0.6912504732608795
197,belly,field,-0.9118700996041298
198,belly,stripe,-0.8523981720209122
199,bench,game,-0.5208888649940491
200,benefited,get,-0.9226429387927055
201,bent,double,-0.8072633743286133
202,bent,inclination,-0.7923230230808258
203,berlin,germany,-0.5882545113563538
204,berry,blossom,-0.678016722202301
205,berry,bright,-0.741352915763855
206,berry,dessert,-0.6279821991920471
207,berry,ivy,-0.823695182800293
208,berry,raspberry,-0.5698428452014923
209,berry,seed,-0.8341408669948578
210,berry,sweet,-0.6585568487644196
211,bias,prejudice,-0.40024447441101074
212,bible,misty,-0.9157411158084869
213,bicycle,green,-0.8325561881065369
214,bigger,large,-0.6422229409217834
215,bike,chopper,-0.7647309005260468
216,bikini,ivy,-0.8265379071235657
217,bin,cup,-1.0136344013735652
218,bird,cock,-0.6345891058444977
219,bird,dragonfly,-0.7984938472509384
220,bird,flamingo,-0.7506602555513382
221,bird,goose,-0.6673770546913147
222,bird,insect,-0.6550293266773224
223,bird,reptile,-0.6078954935073853
224,bird,shade,-0.8923399522900581
225,bird,solid,-0.9157925769686699
226,bishop,priest,-0.5881247818470001
227,bishop,radical,-0.8944687843322754
228,bishop,wine,-0.9591164663434029
229,bit,curb,-0.8639624565839767
230,bit,tool,-0.8717845231294632
231,bitter,taste,-0.8373437076807022
232,black,blue,-0.3598606586456299
233,black,bright,-0.5261037647724152
234,black,brown,-0.5581642389297485
235,black,cigarette,-0.7824644148349762
236,black,juvenile,-0.891007587313652
237,black,skirt,-0.49941420555114746
238,black,white,-0.5013504326343536
239,blast,smashing,-0.8583400398492813
240,blaze,pig,-0.9787672497332096
241,blessing,patronage,-0.7432110011577606
242,blizzard,rash,-0.8884854316711426
243,block,hinder,-0.5688042640686035
244,blonde,haircut,-0.6193056106567383
245,blonde,wig,-0.5845292508602142
246,bloom,flower,-0.5707066059112549
247,bloom,friend,-0.8634163439273834
248,bloom,plant,-0.8031308054924011
249,bloom,purple,-0.7347632050514221
250,blossom,bud,-0.6303354203701019
251,blossom,cherry,-0.505486249923706
252,blossom,daisy,-0.5243583023548126
253,blossom,foliage,-0.6690887212753296
254,blossom,orange,-0.6143531799316406
255,blossom,petal,-0.6437374949455261
256,blossom,purple,-0.6582152247428894
257,blow,contact,-0.9506687223911285
258,blow,swat,-0.9135951474308968
259,blowing,smoking,-0.8181073218584061
260,blue,colour,-0.7243880331516266
261,blue,happy,-0.9359789490699768
262,blue,report,-0.934369795024395
263,blue,shade,-0.6058290004730225
264,blue,skirt,-0.4723129868507385
265,blues,rhythm,-0.63625168800354
266,blur,focus,-0.8159987777471542
267,blur,metro,-0.8573951423168182
268,board,deal,-0.8253098428249359
269,boardwalk,park,-0.5030746459960938
270,boast,complain,-0.5327050983905792
271,boat,negro,-0.9138565212488174
272,boat,shore,-0.6173115968704224
273,bold,forward,-0.9111652970314026
274,bold,leader,-0.898752823472023
275,bone,skull,-0.5673662722110748
276,book,building,-0.9521220996975899
277,book,smoking,-0.9809764567762613
278,booklet,reference,-0.7311597764492035
279,boot,kick,-0.7829886972904205
280,boot,punch,-0.7749813199043274
281,bootleg,produce,-0.7571826428174973
282,bootleg,whiskey,-0.716906726360321
283,born,construction,-0.910741537809372
284,born,mother,-0.7019542455673218
285,born,subway,-0.9241923913359642
286,bottle,wine,-0.4961886405944824
287,bound,line,-0.835788682103157
288,bound,skirt,-0.9422016069293022
289,bowling,wheel,-0.9240427538752556
290,boxer,stair,-0.8796082884073257
291,boxing,hit,-0.9374895617365837
292,boy,hand,-0.838724821805954
293,boy,live,-0.9104394614696503
294,bracelet,jewelry,-0.5132171511650085
295,bracelet,mountain,-0.9202669858932495
296,brain,head,-0.87858946621418
297,brake,click,-0.8707754462957382
298,branch,tea,-0.9345061928033829
299,brass,executive,-0.9362182766199112
300,brazil,nut,-0.9309592172503471
301,brazil,triple,-0.8538607805967331
302,bread,bun,-0.5221937894821167
303,bread,cooking,-0.47274845838546753
304,bread,cover,-0.7510485947132111
305,bread,dessert,-0.39319443702697754
306,bread,egg,-0.4212472438812256
307,bread,medicine,-0.8731247037649155
308,break,glittering,-0.8920437172055244
309,break,scattered,-0.8593817204236984
310,breakfast,diner,-0.5135249495506287
311,breakfast,evening,-0.6987535953521729
312,breakfast,lunch,-0.416132390499115
313,breakfast,makeup,-0.8771538287401199
314,breakfast,morning,-0.7678622305393219
315,breakfast,people,-0.9594384543597698
316,breakfast,relax,-0.7928923070430756
317,brick,cement,-0.5239564478397369
318,brick,construction,-0.7719603031873703
319,brick,skyscraper,-0.7053137719631195
320,bride,photographer,-0.7950615584850311
321,bright,dark,-0.45662248134613037
322,bright,fruit,-0.6886555850505829
323,bright,mist,-0.7180235981941223
324,bright,raspberry,-0.6987470984458923
325,bright,shade,-0.598391979932785
326,bright,sky,-0.5718035697937012
327,bring,presenting,-0.8694388121366501
328,bring,return,-0.7172278165817261
329,broadcast,packet,-0.9505241066217422
330,bronze,sculpture,-0.6231081485748291
331,bronze,suspicion,-0.9645431973040104
332,brown,green,-0.468940794467926
333,brown,hawk,-0.8597531020641327
334,brown,purple,-0.6342017650604248
335,brown,white,-0.6091249287128448
336,brussels,sweden,-0.8295565843582153
337,bucket,water,-0.5933443903923035
338,bud,flower,-0.688954770565033
339,bud,ivy,-0.7515032738447189
340,budget,fund,-0.7876319289207458
341,budget,scale,-0.8773603588342667
342,bug,insect,-0.4987035393714905
343,building,cafe,-0.7382305562496185
344,building,construction,-0.4538746476173401
345,building,downtown,-0.5042102038860321
346,building,floor,-0.7211970090866089
347,building,ministry,-0.8521450906991959
348,building,tall,-0.7864138334989548
349,building,zombie,-0.9863580884411931
350,burger,cooking,-0.7561566680669785
351,burger,dessert,-0.651837021112442
352,burger,salad,-0.6515325605869293
353,burger,soup,-0.7562178522348404
354,burn,fire,-0.705562949180603
355,burn,ripple,-0.8870932906866074
356,bus,rail,-0.4588582515716553
357,business,railway,-0.8977734744548798
358,butter,stick,-0.7094752192497253
359,butterfly,caterpillar,-0.6675091683864594
360,butterfly,dragonfly,-0.6730895340442657
361,butterfly,glittering,-0.7112067937850952
362,button,sticker,-0.7961692661046982
363,cafe,child,-0.958186149597168
364,cafe,coffee,-0.57547727227211
365,cafe,dinner,-0.6034521162509918
366,cafe,donut,-0.7607306241989136
367,cafe,lunch,-0.5957940220832825
368,cafe,pub,-0.4427869915962219
369,cafe,reflection,-0.9333838224411011
370,cafe,relax,-0.8795445337891579
371,cafe,shop,-0.5372395217418671
372,cafe,spiral,-0.8704082071781158
373,cake,christmas,-0.7472716867923737
374,call,meeting,-0.8606662750244141
375,call,statement,-0.8749341517686844
376,call,telephone,-0.5907147526741028
377,camel,desert,-0.7440239787101746
378,camp,camp,0.0
379,campaign,conspiracy,-0.8342753350734711
380,can,sketch,-0.9352196753025055
381,candidate,republic,-0.8944666385650635
382,canine,dog,-0.5489543676376343
383,canyon,landscape,-0.6575446128845215
384,canyon,river,-0.49917149543762207
385,car,insurance,-0.861547201871872
386,car,pig,-0.931573711335659
387,car,skull,-0.8825630694627762
388,card,playing,-0.8294081836938858
389,card,see,-0.9845259329304099
390,carrier,carrier,0.0
391,carrier,traveler,-0.7992570102214813
392,carrier,vehicle,-0.9469314552843571
393,carrot,memorial,-0.9451349042356014
394,carrot,salad,-0.3764112591743469
395,cart,wagon,-0.7155866920948029
396,cartoon,wit,-0.8049355894327164
397,case,clients,-0.962938230484724
398,cast,cast,0.0
399,cast,shoot,-0.8016856759786606
400,castle,patio,-0.8472157269716263
401,castle,ruin,-0.8726823478937149
402,cat,garden,-0.8439604640007019
403,catch,catching,-0.33186590671539307
404,catch,hooks,-0.7505658268928528
405,catching,perceive,-0.9134705141186714
406,catching,playing,-0.6795069575309753
407,category,flavor,-0.8804744109511375
408,catering,loan,-0.9141751006245613
409,caterpillar,paint,-0.8519850075244904
410,cathedral,step,-0.8899360373616219
411,cattle,goat,-0.7040964365005493
412,cattle,web,-0.9696331080049276
413,cautious,film,-0.9423367828130722
414,ceiling,marble,-0.5429076254367828
415,ceiling,mug,-0.9570671133697033
416,ceiling,room,-0.6568174958229065
417,ceiling,staircase,-0.5405365526676178
418,ceiling,wall,-0.6251392364501953
419,cell,membrane,-0.6643418967723846
420,cemetery,grave,-0.5673224627971649
421,cemetery,memorial,-0.49981987476348877
422,center,center,0.0
423,center,refer,-0.9744001477956772
424,century,period,-0.7747433632612228
425,century,temperature,-0.9311434105038643
426,ceramic,floor,-0.7541991323232651
427,chance,fortune,-0.9247001931071281
428,chance,opportunity,-0.47477883100509644
429,chance,ring,-0.9152509495615959
430,change,laundering,-0.9725686367601156
431,change,transforming,-0.6970606744289398
432,change,yielding,-0.8518026173114777
433,channel,sound,-0.979191018268466
434,chaos,death,-0.7498561143875122
435,chapel,porch,-0.7835397124290466
436,chapel,ruin,-0.8244008868932724
437,charcoal,fuel,-0.7391333281993866
438,charge,damage,-0.8956311270594597
439,charge,sentence,-0.6696913242340088
440,checked,checked,0.0
441,cheer,musician,-0.8783584237098694
442,cheese,food,-0.7023122310638428
443,cheetah,flame,-0.8863039687275887
444,chemical,intermediate,-0.9257530346512794
445,chemistry,patient,-0.8771919831633568
446,cherry,fruit,-0.45866984128952026
447,cherry,grape,-0.4688984751701355
448,cherry,lamb,-0.6506564021110535
449,cherry,meat,-0.7638617753982544
450,cherry,orange,-0.5224507749080658
451,cherry,raspberry,-0.40717536211013794
452,chess,family,-0.9854435222223401
453,chess,toy,-0.8727720528841019
454,chicken,lamb,-0.3126324415206909
455,chicken,poultry,-0.624364972114563
456,chief,guru,-0.6411466300487518
457,child,lad,-0.7805025428533554
458,child,street,-0.9622653387486935
459,chile,plate,-0.8602381348609924
460,chocolate,rock,-0.8282425552606583
461,choice,option,-0.5883969366550446
462,chopper,poppy,-0.9132797718048096
463,chord,play,-0.8937030881643295
464,christmas,valentine,-0.7749344110488892
465,church,porch,-0.9011745750904083
466,church,temple,-0.5729748606681824
467,circle,oval,-0.6952696740627289
468,circle,sport,-0.9135429784655571
469,city,round,-0.9293561801314354
470,city,ruin,-0.920126311480999
471,city,sidewalk,-0.8829863891005516
472,city,square,-0.7843494862318039
473,city,urban,-0.8187061101198196
474,class,sex,-0.7617819309234619
475,cliff,coast,-0.7799879312515259
476,cliff,harbour,-0.6361658573150635
477,cliff,waterfall,-0.7165036201477051
478,clinic,session,-0.9400874376296997
479,clock,timer,-0.5920215249061584
480,close,short,-0.8501559197902679
481,closed,closed,0.0
482,closed,state,-0.9504902064800262
483,closed,up,-0.8331442028284073
484,closing,closing,0.0
485,closing,finale,-0.7854156941175461
486,clothes,short,-0.9314376190304756
487,cloud,energy,-0.922897145152092
488,club,hockey,-0.6441038250923157
489,club,shirt,-0.9195521324872971
490,clubhouse,pop,-0.9284831583499908
491,clue,parish,-0.9832037631422281
492,coast,scenery,-0.9655905291438103
493,coast,sunk,-0.7043483555316925
494,coast,zebra,-0.9209904670715332
495,coat,resurfacing,-0.9352920800447464
496,coat,roof,-0.7830289900302887
497,cock,penis,-0.8959556967020035
498,cocktail,garage,-0.9009653776884079
499,cocktail,restaurant,-0.6713529229164124
500,coffee,meeting,-0.9169403985142708
501,coffee,tea,-0.464283287525177
502,coin,gold,-0.5957388877868652
503,coin,silver,-0.7027256786823273
504,coin,ticket,-0.8796998634934425
505,cold,mist,-0.6083941459655762
506,cold,rain,-0.6147610247135162
507,cold,silver,-0.9494295828044415
508,cold,sunny,-0.6454743146896362
509,cold,sunshine,-0.5848293006420135
510,cold,water,-0.6427530646324158
511,cold,weather,-0.6145848035812378
512,cold,winter,-0.6291543245315552
513,coldness,cool,-0.8773645535111427
514,collage,exhibition,-0.7025407552719116
515,collage,paint,-0.7060907483100891
516,collage,sculpture,-0.6075713634490967
517,collage,stream,-0.8695691525936127
518,collapse,shock,-0.7681012153625488
519,collar,tiger,-0.8735926151275635
520,collect,collect,0.0
521,collect,scrape,-0.8124696463346481
522,collection,library,-0.6549406349658966
523,collection,packet,-0.9032230898737907
524,color,quality,-0.8120391517877579
525,color,wash,-0.7760362774133682
526,colorful,outfit,-0.6709702610969543
527,colorful,shot,-1.016283955425024
528,colorful,toy,-0.8034234344959259
529,colorful,wood,-0.7785696685314178
530,colors,emblem,-0.7877458035945892
531,colour,grey,-0.7279057800769806
532,colour,shade,-0.7386633157730103
533,comfort,relief,-0.733771800994873
534,comment,mention,-0.6710667014122009
535,commercial,manufacture,-0.7565473467111588
536,commitment,guarantee,-0.6888853907585144
537,communication,theater,-0.9090059474110603
538,compact,short,-0.8453056514263153
539,company,distributor,-0.491487979888916
540,compartment,stalls,-0.8197868466377258
541,compatible,software,-0.5503343641757965
542,competes,race,-0.763744443655014
543,compound,enhance,-0.9983679264551029
544,compound,whole,-0.9487656019628048
545,computer,lab,-0.7470653653144836
546,computer,number,-0.9075156003236771
547,computer,platform,-0.8203271478414536
548,computer,railway,-0.8762599378824234
549,concentration,focus,-0.8056312650442123
550,concert,jazz,-0.4730936884880066
551,concert,sing,-0.6838449239730835
552,concerts,settle,-1.0169139113277197
553,conclusion,judgment,-0.6588772833347321
554,conclusion,situation,-0.7431307435035706
555,concoct,request,-0.9589295126497746
556,concrete,interior,-0.8528039306402206
557,concrete,pin,-0.9168054908514023
558,cone,palm,-1.0108412373811007
559,congress,sex,-0.8991888538002968
560,connection,keyboard,-0.8748478889465332
561,consequences,position,-0.8387375921010971
562,consistency,phase,-0.8850564658641815
563,construction,downtown,-0.6852870285511017
564,construction,interior,-0.9457556791603565
565,contact,print,-0.9833647012710571
566,control,driving,-0.9441924132406712
567,cooking,dessert,-0.5776020288467407
568,cooking,eat,-0.661801666021347
569,cooking,food,-0.5601759850978851
570,cooking,frozen,-0.6897964477539062
571,cooking,salad,-0.538855105638504
572,cool,cool,0.0
573,cool,jazz,-0.8341268748044968
574,cool,state,-1.0023238938301802
575,cop,dirty,-0.6859154403209686
576,cop,music,-0.8765762746334076
577,cop,ruin,-0.8902853205800056
578,cord,eclipse,-0.9374176487326622
579,corn,pepper,-0.5576490163803101
580,cost,price,-0.6267083287239075
581,costume,halloween,-0.593457043170929
582,costume,radiation,-0.9331374764442444
583,cottage,patio,-0.6488593816757202
584,council,minister,-0.6241620779037476
585,count,investigation,-0.6969637870788574
586,count,number,-0.790962740778923
587,counter,furniture,-0.8788255900144577
588,counter,negative,-0.7504072338342667
589,couple,family,-0.669308990240097
590,couple,makeup,-0.9880653638392687
591,couple,race,-0.9834862072020769
592,cousin,relation,-0.823840394616127
593,cover,feather,-0.9069475159049034
594,cover,sleeve,-0.8063484728336334
595,covering,skin,-0.7297791838645935
596,cowboys,ranch,-0.877130351960659
597,crack,cracking,-0.38984471559524536
598,cracking,noise,-0.7790235280990601
599,cracking,sound,-0.7904615849256516
600,craft,game,-0.9827318694442511
601,crane,stair,-0.7755065858364105
602,crash,swing,-0.8632337599992752
603,creation,stitch,-0.8169659078121185
604,credit,flap,-0.9555559232831001
605,credit,foundation,-0.8737895786762238
606,crew,unit,-0.8670635968446732
607,critic,reviewers,-0.7373058199882507
608,crochet,family,-0.8750328198075294
609,crochet,jewelry,-0.8250256329774857
610,crochet,knitting,-0.5215406715869904
611,cross,mug,-1.0265156533569098
612,cross,post,-0.8878932669758797
613,cross,pub,-0.9758742637932301
614,cross,shopping,-0.9830949921160936
615,crush,push,-0.7619786113500595
616,crush,split,-0.7815618067979813
617,crystal,spiral,-0.9105344712734222
618,cube,dice,-0.6724123060703278
619,cup,handbag,-0.9304768741130829
620,curb,smother,-0.6605011820793152
621,curb,train,-0.9782785791903734
622,current,flow,-0.8373451381921768
623,cut,gore,-0.9300685375928879
624,cute,fashion,-0.7842196822166443
625,cute,friend,-0.8260162472724915
626,cute,fun,-0.664949357509613
627,cute,haircut,-0.6975087821483612
628,cylinder,pen,-0.8115371018648148
629,daisy,foliage,-0.8144822716712952
630,daisy,grass,-0.7997561693191528
631,daisy,petal,-0.7268014848232269
632,dance,hotel,-0.8740019649267197
633,dandelion,foliage,-0.7473599016666412
634,dandelion,grass,-0.7138950228691101
635,dandelion,petal,-0.8127039819955826
636,danger,status,-0.8098756819963455
637,dark,flamingo,-0.889970600605011
638,dark,pod,-0.896167941391468
639,dark,white,-0.6688105165958405
640,dashboard,protection,-0.9161324501037598
641,daughter,graphic,-1.0299810115247965
642,daughter,pub,-0.9362291917204857
643,dawn,day,-0.6304002404212952
644,day,glide,-0.8748517781496048
645,day,horse,-0.947359710931778
646,day,independence,-0.7849949449300766
647,day,night,-0.5713909268379211
648,day,sunny,-0.754152312874794
649,day,sunset,-0.7276161015033722
650,day,weather,-0.8311934173107147
651,dead,sidewalk,-0.8473900109529495
652,deaf,people,-0.8435935378074646
653,death,funeral,-0.6233698725700378
654,decision,option,-0.5763613283634186
655,decoration,tulip,-0.7950288206338882
656,defeat,ending,-0.7123078107833862
657,defeated,people,-1.0333147794008255
658,degree,quantity,-0.8179649859666824
659,demand,supply,-0.604788064956665
660,demolition,interior,-0.9323896691203117
661,demolition,skyscraper,-0.7768621444702148
662,demolition,tall,-0.9384588859975338
663,desert,mountain,-0.5090319812297821
664,deserve,merit,-0.5177710950374603
665,deserve,want,-0.7027369439601898
666,design,graphic,-0.7629159390926361
667,design,orange,-0.8412497192621231
668,designation,recognition,-0.6719847321510315
669,designs,intend,-0.9086313843727112
670,dessert,head,-0.894358366727829
671,dessert,salad,-0.4122444987297058
672,determination,selection,-0.9072097763419151
673,development,twist,-0.9205321818590164
674,diamond,parade,-0.954423975199461
675,diamond,short,-0.9015839248895645
676,diamond,stencil,-0.9067657813429832
677,difficulty,problem,-0.5981351137161255
678,digit,toe,-0.923776350915432
679,dilute,market,-0.8558911234140396
680,dinner,sitting,-0.7850401848554611
681,dinner,sleep,-0.799835741519928
682,direction,direction,0.0
683,direction,traveling,-0.9911194685846567
684,dirt,racing,-0.7724757194519043
685,dirt,road,-0.6145594418048859
686,dirt,sand,-0.40732133388519287
687,dirty,dude,-0.6790506839752197
688,dirty,rabbit,-0.8456845283508301
689,dirty,washing,-0.6116394698619843
690,discharge,spread,-0.9111113548278809
691,discipline,discipline,0.0
692,disk,dot,-0.84024877846241
693,display,stick,-0.9265176132321358
694,dissipate,isolate,-0.8545416295528412
695,distinction,sword,-0.8835836499929428
696,distinguish,medal,-0.9532558955252171
697,distinguish,sex,-0.8829405680298805
698,disturbance,upset,-0.9760917443782091
699,diversion,skiing,-0.9009843543171883
700,dock,herb,-0.9445358254015446
701,dog,husky,-0.750784307718277
702,dog,secretary,-0.9821584988385439
703,doll,new,-0.9168200269341469
704,dome,interior,-0.749953031539917
705,dome,uniform,-0.8978235945105553
706,donut,panda,-0.8112505972385406
707,door,interior,-0.9143439531326294
708,door,porch,-0.5863612294197083
709,door,room,-0.6567726135253906
710,downtown,field,-0.9090365022420883
711,downtown,hockey,-0.9033695086836815
712,downtown,ruin,-0.912056602537632
713,downtown,shopping,-0.5252126157283783
714,downtown,subway,-0.6500398516654968
715,drag,drawing,-0.859689012169838
716,dragon,drop,-0.9592159949243069
717,dragonfly,frog,-0.656931072473526
718,dragonfly,insect,-0.5640126764774323
719,draw,draw,0.0
720,draw,entertainer,-1.0670093074440956
721,dress,match,-0.9317295029759407
722,dress,neckline,-0.48802608251571655
723,dress,outfit,-0.4495201110839844
724,dressing,patch,-0.8070130497217178
725,drill,implement,-0.8890513256192207
726,drink,turn,-0.8712702542543411
727,dripping,hot,-0.6416701972484589
728,dripping,round,-1.0203292146325111
729,dripping,wet,-0.6538287997245789
730,drive,drive,0.0
731,drive,operate,-0.8780878037214279
732,drop,drop,0.0
733,drop,measure,-0.8683551102876663
734,drop,sink,-0.7890200763940811
735,dropping,dropping,0.0
736,drought,time,-0.8290497660636902
737,drug,reflection,-1.0015893433010206
738,drug,sing,-0.9787990264594555
739,drug,wolf,-0.9794788099825382
740,dude,fun,-0.6609377562999725
741,dude,hanging,-0.799065351486206
742,dude,sitting,-0.8861000239849091
743,dude,smile,-0.7602951377630234
744,dusk,hummingbird,-0.898014098405838
745,dusk,misty,-0.612284392118454
746,dye,kiss,-0.8024246543645859
747,eagle,feather,-0.625179797410965
748,ear,organ,-0.7014287114143372
749,earn,make,-0.7099050879478455
750,ease,relaxation,-0.6899160146713257
751,ease,rest,-0.8818962946534157
752,east,israel,-0.7588661015033722
753,easter,preference,-0.8963779881596565
754,eat,rabbit,-0.7508574277162552
755,eat,soup,-0.6085571348667145
756,eat,truck,-0.9667401425540447
757,educated,learned,-0.8702312707901001
758,effects,effects,0.0
759,egg,lego,-0.9569128416478634
760,egg,nest,-0.6356577277183533
761,egg,white,-0.810168981552124
762,eight,movement,-1.0487415120005608
763,element,mixture,-0.9307491481304169
764,element,situation,-0.725241094827652
765,elephant,giraffe,-0.3558657765388489
766,emission,gum,-0.928867295384407
767,endeavor,worst,-0.993745009880513
768,enemy,strike,-0.7550146281719208
769,enforcing,execute,-0.8348915874958038
770,engine,gasoline,-0.7576440572738647
771,engineering,technology,-0.6359329223632812
772,english,french,-0.5468145608901978
773,enhanced,increased,-0.6547678709030151
774,enjoy,suffering,-0.8738397508859634
775,enterprise,industry,-0.6835319995880127
776,entrance,registration,-0.8829186037182808
777,equipment,seat,-0.9415851682424545
778,escalator,railway,-0.6873469650745392
779,escalator,redhead,-0.9312933757901192
780,establishment,establishment,0.0
781,evaluate,forecast,-0.9160901457071304
782,evening,fun,-0.9378023818135262
783,evening,night,-0.4501914978027344
784,evening,time,-0.8691138476133347
785,event,influence,-0.83222995698452
786,evidence,format,-0.9258126392960548
787,evidence,record,-0.9405670464038849
788,evil,worst,-0.8699175119400024
789,evolution,publicity,-0.9358997344970703
790,examination,quiz,-0.7903823256492615
791,executive,organization,-0.8461892157793045
792,exhibit,parade,-0.7440329492092133
793,exhibition,painting,-0.6726843416690826
794,exhibition,soup,-0.9020278379321098
795,expect,think,-0.5727755427360535
796,expectation,possibility,-0.6634229719638824
797,expedition,mystery,-0.8520580679178238
798,explosion,stencil,-1.0473115891218185
799,express,mail,-0.7477861940860748
800,extending,increase,-0.8149119019508362
801,extort,school,-0.9829716272652149
802,eye,face,-0.8653898984193802
803,eye,lip,-0.644186943769455
804,eye,sky,-0.7175115942955017
805,fabric,lace,-0.4782000780105591
806,fabric,sail,-0.8616371899843216
807,face,stop,-0.8306078165769577
808,face,tear,-0.947521585971117
809,fair,midway,-0.8404259979724884
810,family,town,-0.7968125641345978
811,fantasy,fiction,-0.46554189920425415
812,fantasy,recycling,-0.8591518551111221
813,farm,wind,-0.9366158694028854
814,farmer,individual,-0.9365012794733047
815,fashion,handwriting,-0.9183041080832481
816,fashion,outfit,-0.6909816861152649
817,fauna,toy,-1.0060615655966103
818,fbi,investigation,-0.5316146016120911
819,fear,fear,0.0
820,feather,flamingo,-0.6395438015460968
821,feather,grey,-0.7386294901371002
822,feather,hummingbird,-0.781007245182991
823,feather,mallard,-0.7640967518091202
824,feather,nest,-0.7451793849468231
825,feather,sunflower,-0.8229455202817917
826,feedback,flow,-0.8491841703653336
827,feel,friend,-0.9433611705899239
828,feel,stop,-0.7577927559614182
829,feel,tear,-0.9594633802771568
830,feline,kitten,-0.6898338496685028
831,feline,kitty,-0.6304084658622742
832,feline,nut,-0.8932116776704788
833,feline,pumpkin,-0.8584075570106506
834,feline,reptile,-0.787087470293045
835,female,old,-0.8386069983243942
836,female,square,-1.0168259479105473
837,festival,gate,-0.8770304396748543
838,festival,music,-0.5888720452785492
839,fiction,romance,-0.5684666335582733
840,field,handle,-0.9983424535021186
841,field,play,-0.6705668270587921
842,field,science,-0.9428489208221436
843,fighting,resist,-0.8522657454013824
844,filing,formations,-0.9472340755164623
845,filled,filled,0.0
846,find,occurrence,-0.9149244278669357
847,fine,precise,-0.8965536504983902
848,finger,toe,-0.5377837717533112
849,fingerprint,football,-0.952730730175972
850,fire,flame,-0.6939303278923035
851,fish,fishing,-0.6123400330543518
852,fishing,shore,-0.6147716641426086
853,fishing,word,-0.9214327037334442
854,five,month,-0.7558556199073792
855,flame,peacock,-0.8331793397665024
856,flame,reaction,-0.9242992475628853
857,flat,housing,-0.8726111054420471
858,fleet,travel,-0.9203779101371765
859,flight,plane,-0.40035170316696167
860,flight,shoot,-0.9192902892827988
861,flood,flood,0.0
862,flood,line,-0.9040070548653603
863,floor,interior,-0.8614120483398438
864,floor,stair,-0.652399867773056
865,flour,garlic,-0.4550260901451111
866,flower,foliage,-0.47688043117523193
867,flower,garden,-0.46698689460754395
868,flower,lily,-0.5459493398666382
869,flower,petal,-0.6503807008266449
870,flower,spring,-0.6833672523498535
871,flower,yellow,-0.6275171637535095
872,flush,good,-0.9266517236828804
873,flyer,justice,-0.9138112142682076
874,fog,mist,-0.4294360876083374
875,fog,sunny,-0.5854666531085968
876,foliage,fruit,-0.7036612331867218
877,foliage,garden,-0.596354603767395
878,foliage,moss,-0.6818949282169342
879,foliage,pink,-0.6711161434650421
880,foliage,purple,-0.6068275570869446
881,foliage,violet,-0.744170606136322
882,followed,tailgate,-0.9698932394385338
883,follower,planet,-0.9022794514894485
884,follower,satellite,-0.9383270032703876
885,food,medium,-0.9127436801791191
886,foot,mural,-0.715482234954834
887,foot,outdoor,-0.8171452283859253
888,foot,toe,-0.5482927560806274
889,football,justice,-1.0004814857093152
890,footprint,scooter,-0.9396205544471741
891,ford,valley,-0.9021382555365562
892,foreign,nation,-0.8547286540269852
893,forest,frog,-0.8774785101413727
894,forest,ground,-0.8687252849340439
895,format,packaging,-0.8117561340332031
896,formation,perceive,-1.0021273377351463
897,formation,perform,-0.8203389793634415
898,forward,player,-0.7236002683639526
899,forward,position,-0.8519149124622345
900,forward,transport,-1.072100691497326
901,foundation,support,-0.7272860407829285
902,fountain,marble,-0.5568047761917114
903,free,skin,-0.9016169011592865
904,frost,lily,-0.8536618202924728
905,frost,weather,-0.6675674617290497
906,frozen,shop,-0.9215682446956635
907,frozen,soup,-0.6247967481613159
908,fruit,orange,-0.5163500010967255
909,fruit,product,-0.7937590479850769
910,fruit,strawberry,-0.5733802318572998
911,fruit,sunflower,-0.5975891947746277
912,fun,haircut,-0.8030413836240768
913,fun,happy,-0.6160633563995361
914,fungi,insect,-0.6213608384132385
915,fungi,mushroom,-0.7167946696281433
916,furnish,impress,-0.8993915170431137
917,furnishing,jumper,-0.9902103152126074
918,gallery,journal,-0.9401201605796814
919,gamble,pyramid,-0.8475632220506668
920,game,playoff,-0.3450663685798645
921,garage,kitchen,-0.641287237405777
922,garage,opener,-0.9134829491376877
923,garbage,lunch,-0.8966464847326279
924,gardens,sink,-0.9495542943477631
925,gardens,tend,-0.9343076199293137
926,gas,neon,-0.933460034430027
927,gas,sewer,-0.6659240126609802
928,gasoline,town,-0.9480473548173904
929,gauge,meter,-0.8503549247980118
930,gem,quartz,-0.7416434288024902
931,germany,worst,-0.8991038426756859
932,get,regained,-0.8553324788808823
933,get,start,-0.6942084431648254
934,giraffe,mist,-0.9365430921316147
935,giraffe,zebra,-0.5003582239151001
936,giraffe,zoo,-0.5932077765464783
937,girl,sexy,-0.6427614688873291
938,glove,wear,-0.7747194766998291
939,goose,outfit,-0.8910188972949982
940,government,immunity,-0.6605581641197205
941,governor,office,-0.7016035318374634
942,graduate,graduate,0.0
943,grape,wine,-0.5033429861068726
944,graphic,roof,-0.94349529966712
945,grass,ski,-0.8850787878036499
946,grass,skull,-0.8507719337940216
947,grass,stop,-0.9759193081408739
948,grave,memorial,-0.6536738872528076
949,grave,santa,-0.8387362509965897
950,grave,shore,-0.9302029088139534
951,graveyard,ruin,-0.7858331352472305
952,gray,property,-0.935680940747261
953,greater,greater,0.0
954,greater,large,-0.7393456697463989
955,green,number,-0.9809080343693495
956,green,yellow,-0.3927595615386963
957,greeting,receptions,-0.8805205672979355
958,grey,pink,-0.6220919191837311
959,grey,rusty,-0.8178233057260513
960,grey,white,-0.6477833092212677
961,guardian,livestock,-0.968585018068552
962,gulf,ms,-0.9965948024764657
963,gun,picture,-0.9105686321854591
964,guy,idea,-0.6350648701190948
965,guy,kid,-0.28286272287368774
966,guy,kiss,-0.8286468535661697
967,guy,people,-0.7129022181034088
968,guy,poodle,-0.9020253196358681
969,guy,sitting,-0.7744006514549255
970,guy,smile,-0.6619719862937927
971,guy,stand,-0.9155681878328323
972,guy,tear,-0.9184689000248909
973,hail,judge,-0.8966365605592728
974,hair,redhead,-0.7261691987514496
975,hair,stencil,-0.9809360168874264
976,hair,wig,-0.48743271827697754
977,hand,left,-0.75480917096138
978,handle,shop,-0.9444217681884766
979,handle,terrier,-1.0290265008807182
980,hanging,smile,-0.8781069740653038
981,happy,licking,-0.8333271890878677
982,happy,mom,-0.7567300647497177
983,happy,post,-0.9658608734607697
984,happy,sleep,-0.7600288838148117
985,happy,stand,-0.8966835364699364
986,happy,stop,-0.8965075314044952
987,happy,time,-0.8221332728862762
988,harbor,sea,-0.5130226016044617
989,harbor,sunk,-0.6054091155529022
990,harbour,ship,-0.7321556210517883
991,harbour,shore,-0.618678867816925
992,hard,zoo,-0.9198773130774498
993,hat,jacket,-0.3241956830024719
994,hat,jean,-0.7931530326604843
995,hat,peel,-0.935311071574688
996,hat,role,-0.9509407691657543
997,health,welfare,-0.5086370408535004
998,heart,wing,-0.9034155160188675
999,heater,stove,-0.4420267343521118
1000,heel,stack,-0.8809523954987526
1001,held,nest,-0.9343730434775352
1002,helix,spiral,-0.7057743668556213
1003,highway,road,-0.3544708490371704
1004,hill,horizon,-0.8502285927534103
1005,hill,mountain,-0.6074616611003876
1006,hill,scenery,-0.9577955231070518
1007,history,recital,-0.8692665696144104
1008,hit,tourist,-0.9305868819355965
1009,hockey,ice,-0.7156179547309875
1010,hockey,play,-0.6762497425079346
1011,holiday,travel,-0.7447557747364044
1012,home,smoking,-1.0084830522537231
1013,honest,sincere,-0.44217604398727417
1014,hood,protection,-0.8834337741136551
1015,hope,psychology,-0.8844735771417618
1016,horizon,sky,-0.504835844039917
1017,horizontal,surface,-0.7179512083530426
1018,hostility,war,-0.7045626938343048
1019,hot,hot,0.0
1020,hot,sunny,-0.7540418803691864
1021,hotel,kill,-0.936123713850975
1022,hotel,library,-0.7079132795333862
1023,hotel,oak,-0.8972249180078506
1024,house,staircase,-0.8457713425159454
1025,house,windmill,-0.8647187501192093
1026,housing,vault,-0.9928895407356322
1027,hummingbird,rodent,-0.8462481796741486
1028,husky,painting,-0.8547889292240143
1029,image,visualize,-0.7868729382753372
1030,impressive,striking,-0.7388100922107697
1031,industrial,lake,-0.9390754476189613
1032,information,target,-0.8799180462956429
1033,infrastructure,structure,-0.7750615030527115
1034,initial,letter,-0.8835052773356438
1035,injury,wrong,-0.9278448820114136
1036,ink,liquid,-0.6361186504364014
1037,ink,organ,-0.9379729777574539
1038,insect,lizard,-0.6387536227703094
1039,installation,zoo,-0.9155768677592278
1040,instruction,lesson,-0.438549280166626
1041,interest,lien,-0.8877305313944817
1042,interior,object,-0.9034997969865799
1043,interior,paint,-0.8095375001430511
1044,interior,roof,-0.7599191963672638
1045,interior,staircase,-0.8391189426183701
1046,interior,tall,-0.9674245268106461
1047,interpretation,twist,-0.7851715832948685
1048,intrigue,romance,-0.46677863597869873
1049,inventory,listing,-0.7528046071529388
1050,invite,requests,-0.8740667700767517
1051,ipod,rope,-0.9497775584459305
1052,iron,robust,-0.9801214970648289
1053,israel,israeli,-0.3025764226913452
1054,israel,terror,-0.6124230623245239
1055,issue,up,-0.8798510208725929
1056,ivy,oak,-0.6857814788818359
1057,jaguar,storm,-0.9345571398735046
1058,jamaica,queens,-0.5141603648662567
1059,jazz,play,-0.8318801671266556
1060,jean,shirt,-0.8503420054912567
1061,jean,washing,-0.942675344645977
1062,jellyfish,punk,-0.8597857803106308
1063,jellyfish,texture,-0.9358551204204559
1064,joke,message,-0.816690519452095
1065,journal,writing,-0.7341171503067017
1066,judgment,sense,-0.6779778301715851
1067,jump,stitch,-0.9216049537062645
1068,jump,uniform,-1.0119553599506617
1069,jury,school,-0.9406770393252373
1070,justice,official,-0.6325827836990356
1071,juvenile,rope,-0.8817492052912712
1072,key,misty,-0.9237036779522896
1073,key,motor,-0.9455745816230774
1074,keyboard,soldier,-0.9849171452224255
1075,kidnapped,shanghai,-0.907269224524498
1076,kill,sacrifice,-0.7649643570184708
1077,kill,shot,-0.7893306612968445
1078,kind,soft,-0.931495264172554
1079,kiss,rusty,-0.9323712289333344
1080,kitchen,sleep,-0.8557946234941483
1081,kitchen,stair,-0.7202285528182983
1082,kitchen,washing,-0.6386174261569977
1083,kitten,kitty,-0.5349836945533752
1084,knock,tap,-0.8734346777200699
1085,lad,wizard,-0.6191026866436005
1086,lady,sexy,-0.6955465078353882
1087,lake,scenery,-0.7571283280849457
1088,lake,town,-0.6170812547206879
1089,lamb,lantern,-0.8885283768177032
1090,lamb,number,-0.9286591857671738
1091,lamb,snow,-0.8660263270139694
1092,landscape,mountain,-0.7463612258434296
1093,landscape,stadium,-0.8966587260365486
1094,lantern,oak,-0.856722965836525
1095,lapse,suspension,-0.791973665356636
1096,last,last,0.0
1097,last,senior,-0.9561147317290306
1098,laundering,machine,-0.9234451130032539
1099,law,mosaic,-0.8378279358148575
1100,lawn,sleep,-0.8201755732297897
1101,layer,region,-1.0128134600818157
1102,leaf,nature,-0.9278328791260719
1103,lean,rest,-0.8686115443706512
1104,leap,second,-0.9232118129730225
1105,learned,learned,0.0
1106,leather,pouch,-0.6955763697624207
1107,leather,sunshine,-0.9120277613401413
1108,leave,pass,-0.7852867692708969
1109,left,morning,-0.8771480098366737
1110,left,walk,-0.9013718068599701
1111,lego,rodent,-0.9266566708683968
1112,lever,machine,-0.6939760744571686
1113,lever,open,-0.9337087869644165
1114,licking,marble,-0.9098516404628754
1115,licking,pier,-0.9232831001281738
1116,licking,puppy,-0.6745873093605042
1117,licking,rusty,-0.8351311087608337
1118,licking,sitting,-0.7536822259426117
1119,lie,line,-0.8369500190019608
1120,lie,sun,-0.8974646404385567
1121,light,shadow,-0.7819564044475555
1122,light,sleep,-0.888320803642273
1123,light,sunlight,-0.5556306540966034
1124,lighthouse,wall,-0.7700106501579285
1125,lighting,man,-0.9768186453729868
1126,lighting,stone,-0.7937130182981491
1127,lily,plant,-0.8298618644475937
1128,lily,purple,-0.6289176642894745
1129,lily,tulip,-0.5743863582611084
1130,limb,limb,0.0
1131,line,street,-0.8354362547397614
1132,lion,square,-0.8710262328386307
1133,list,position,-0.8483736962080002
1134,list,post,-0.8227642178535461
1135,list,shopping,-0.8683197647333145
1136,listing,organization,-0.927997961640358
1137,live,stitch,-0.9102900922298431
1138,location,space,-0.7898684740066528
1139,lock,mannequin,-0.9118820801377296
1140,looking,sightseeing,-0.9048928171396255
1141,loss,reducing,-0.9345034658908844
1142,love,romance,-0.5731629133224487
1143,lower,sustain,-0.8919719234108925
1144,lunch,morning,-0.6689317524433136
1145,lunch,sunny,-0.8322076350450516
1146,machine,pond,-0.899358406662941
1147,machine,sketch,-0.9851734358817339
1148,machine,washing,-0.6974995732307434
1149,magnitude,size,-0.6685238778591156
1150,magnolia,maple,-0.6575381755828857
1151,maker,manufacturer,-0.13215798139572144
1152,makeup,people,-0.979460833594203
1153,male,man,-0.8366186618804932
1154,manufacture,up,-1.0158541891723871
1155,map,sewing,-0.9975915940012783
1156,map,video,-0.8806154429912567
1157,maple,oak,-0.49414944648742676
1158,marble,postcard,-0.849233940243721
1159,marble,sing,-0.9459480345249176
1160,market,shop,-0.8266321569681168
1161,market,sweeten,-0.9721790477633476
1162,mars,water,-0.8787087202072144
1163,mask,roof,-0.8514646589756012
1164,match,matchstick,-1.0000084685470938
1165,match,play,-0.5759679079055786
1166,matter,text,-0.8350612670183182
1167,mayor,villa,-0.8508846461772919
1168,meal,rice,-0.6291196048259735
1169,means,tool,-0.720207005739212
1170,measure,twist,-0.9215128794312477
1171,meat,moon,-0.9424947239458561
1172,meat,potato,-0.5140509903430939
1173,meat,soup,-0.500484824180603
1174,medium,organization,-1.0007169598829933
1175,melody,music,-0.554724782705307
1176,memorial,rope,-0.9200141057372093
1177,memory,operation,-0.9751083590090275
1178,metro,rail,-0.47612661123275757
1179,metro,train,-0.5210969150066376
1180,military,reflection,-0.9524918273091316
1181,military,wasp,-0.8770414143800735
1182,mill,wild,-0.9668447896838188
1183,mill,windmill,-0.7294393479824066
1184,miniature,paint,-0.8447500467300415
1185,miniature,painting,-0.7837214767932892
1186,minister,work,-1.0498342514038086
1187,mirror,raspberry,-0.9702340755611658
1188,mist,sky,-0.5741555988788605
1189,mist,sunny,-0.7362750470638275
1190,misty,sky,-0.6429200172424316
1191,misty,snow,-0.6429372429847717
1192,misty,sunny,-0.6275663077831268
1193,misty,sunrise,-0.6935345232486725
1194,misty,sunshine,-0.6127704977989197
1195,model,toe,-0.9093768447637558
1196,mole,spy,-0.8564947694540024
1197,moment,thief,-0.9031355977058411
1198,money,pile,-0.9154622107744217
1199,money,quota,-0.9230480864644051
1200,monster,rock,-0.7340877652168274
1201,month,year,-0.4096102714538574
1202,moon,mushroom,-0.841869592666626
1203,morning,sunrise,-0.47358250617980957
1204,morning,sunshine,-0.6970587074756622
1205,mortal,mother,-0.8789207264780998
1206,moss,plant,-0.8420972526073456
1207,mother,mother,0.0
1208,mother,mother-in-law,-0.25727564096450806
1209,mother,pregnant,-0.39674943685531616
1210,mother,yeast,-0.9987190398387611
1211,motion,step,-0.7228867709636688
1212,motto,volunteer,-0.7981768995523453
1213,mouth,tongue,-0.45642685890197754
1214,move,shifting,-0.7222007513046265
1215,move,spread,-0.822353184223175
1216,move,swell,-0.7897671163082123
1217,mozart,wagner,-0.7010025084018707
1218,museum,swim,-0.9126316905021667
1219,music,musician,-0.6087779104709625
1220,music,print,-0.7975888401269913
1221,music,track,-0.8988534137606621
1222,musical,solo,-0.6259128749370575
1223,nail,rusty,-0.6862154304981232
1224,nation,spanish,-1.020947139710188
1225,native,rhodes,-0.8364588618278503
1226,necklace,snow,-0.977682514116168
1227,nest,wasp,-0.6550219357013702
1228,noodle,pigeon,-0.7916352301836014
1229,novel,story,-0.5639378130435944
1230,nude,painting,-0.6176660656929016
1231,nurse,nurse,0.0
1232,nut,sunflower,-0.6145820617675781
1233,observation,radio,-0.8580122590065002
1234,observe,violating,-0.7924394607543945
1235,obvious,plain,-0.7850143164396286
1236,obvious,room,-0.948622677475214
1237,occasion,second,-0.9223119765520096
1238,occupation,place,-0.9761451464146376
1239,ocean,pacific,-0.3642561435699463
1240,ocean,underwater,-0.5328735411167145
1241,ocean,water,-0.6519463956356049
1242,old,race,-0.8711764067411423
1243,old,seat,-0.8722277581691742
1244,operation,operation,0.0
1245,opinion,sentiment,-0.5215859711170197
1246,orange,peel,-0.5717748403549194
1247,orange,raspberry,-0.4903518557548523
1248,orange,shop,-0.8460737764835358
1249,origami,stadium,-0.896063506603241
1250,origin,root,-0.8719418197870255
1251,out,sent,-0.9724119640886784
1252,outdoor,pool,-0.5959112048149109
1253,outdoor,swimming,-0.6057956516742706
1254,outfit,sign,-0.9660254158079624
1255,outfit,sock,-0.7224661707878113
1256,overflow,sewer,-0.6288152039051056
1257,pain,suffering,-0.38636064529418945
1258,paint,picture,-0.8617854863405228
1259,paint,portrait,-0.8156708031892776
1260,painting,sculpture,-0.422965407371521
1261,palace,ruin,-0.8590840697288513
1262,panorama,scenery,-0.5872818529605865
1263,panorama,view,-0.6613696217536926
1264,panorama,zoo,-0.9712483715265989
1265,paper,railway,-0.9734134823083878
1266,paper,vine,-0.9626680687069893
1267,papers,security,-0.9257036745548248
1268,park,parking,-0.5738809108734131
1269,part,relation,-0.7655263096094131
1270,party,seat,-0.702438473701477
1271,pass,ticket,-0.8685595691204071
1272,pass,topping,-0.8950186744332314
1273,passage,quotation,-0.6161855459213257
1274,passing,passing,0.0
1275,path,star,-0.9366254135966301
1276,patio,sleep,-0.8054832518100739
1277,patio,stair,-0.755038782954216
1278,patio,staircase,-0.6662735641002655
1279,patio,woman,-0.9055278897285461
1280,pavilion,terrace,-0.5495652258396149
1281,paw,theatre,-0.947208546102047
1282,peel,skin,-0.678461104631424
1283,pennsylvania,writer,-0.9199062585830688
1284,people,wounded,-0.6851877570152283
1285,pepper,potato,-0.5039823651313782
1286,pepper,tomato,-0.29238295555114746
1287,person,tiger,-0.9267638921737671
1288,personnel,police,-0.4973064661026001
1289,persuasion,weapon,-0.8259313851594925
1290,petal,shade,-0.7600917816162109
1291,photo,photography,-0.615071028470993
1292,photograph,still,-0.881899319589138
1293,photographer,portrait,-0.6998796164989471
1294,photographer,wedding,-0.8803955167531967
1295,piano,wolf,-0.8287152945995331
1296,pigeon,round,-1.0031552594155073
1297,pillow,stone,-0.7992366254329681
1298,pink,skirt,-0.5237624645233154
1299,pink,white,-0.4869229197502136
1300,place,place,0.0
1301,place,siphon,-0.9451293088495731
1302,plain,report,-0.9538537673652172
1303,plant,seed,-0.7291831970214844
1304,plant,skate,-0.945921253412962
1305,play,rail,-1.0040031936950982
1306,play,sign,-0.761356920003891
1307,play,thousand,-0.9615608602762222
1308,player,slave,-0.9071243777871132
1309,pledge,promise,-0.3112059235572815
1310,plot,strategy,-0.6439453661441803
1311,point,second,-0.6192440390586853
1312,point,spot,-0.7084744870662689
1313,point,tennis,-0.9806122574955225
1314,point,trouble,-0.7865521907806396
1315,poll,poll,0.0
1316,pond,water,-0.6515475213527679
1317,poodle,puppy,-0.4691104292869568
1318,poodle,terrier,-0.34513646364212036
1319,pool,relax,-0.7974682748317719
1320,porch,roof,-0.5423103868961334
1321,porch,scooter,-0.9272850081324577
1322,porch,staircase,-0.6286619007587433
1323,portrait,underground,-0.9128756076097488
1324,potato,rice,-0.4741845726966858
1325,president,president,0.0
1326,price,price,0.0
1327,principle,principle,0.0
1328,privilege,rich,-0.8217473477125168
1329,production,production,0.0
1330,profiling,racism,-0.4044773578643799
1331,protection,roof,-0.9662301428616047
1332,protest,tile,-1.0489394068717957
1333,publish,show,-0.8219622224569321
1334,pug,puppy,-0.4479774236679077
1335,punk,vinyl,-0.7595333456993103
1336,puppy,skyline,-1.0153865916654468
1337,purple,violet,-0.5755793750286102
1338,pyramid,speculation,-0.9634686261415482
1339,quality,romance,-0.9086844027042389
1340,queen,queen,0.0
1341,race,racing,-0.47789156436920166
1342,race,square,-0.9971594861708581
1343,radical,role,-0.8155655562877655
1344,rail,train,-0.3633853793144226
1345,railroad,underground,-0.6808288991451263
1346,railway,station,-0.5222563445568085
1347,rain,wet,-0.6397548615932465
1348,raise,shoulders,-0.9574352242052555
1349,raising,upbringing,-0.8926908448338509
1350,raspberry,sweet,-0.5487811863422394
1351,read,reading,-0.3499789237976074
1352,rebel,soldier,-0.6008334755897522
1353,rebel,young,-0.9744704104959965
1354,recognize,succeed,-0.6647548377513885
1355,record,score,-0.5568876564502716
1356,record,write,-0.9503934681415558
1357,red,shade,-0.7722605466842651
1358,red,stripe,-0.60569828748703
1359,redhead,rusty,-0.804398238658905
1360,relax,sitting,-0.7430849671363831
1361,relief,total,-0.8268396109342575
1362,religion,remedy,-0.8009760230779648
1363,religion,trinity,-0.7472119629383087
1364,report,study,-0.5973061323165894
1365,reptile,vacation,-0.9619610570371151
1366,reservation,reservation,0.0
1367,resistance,resistance,0.0
1368,reverse,reverse,0.0
1369,rice,yellow,-0.8223965913057327
1370,ripple,shadow,-0.877206914126873
1371,ripple,wave,-0.6314258277416229
1372,river,valley,-0.4429727792739868
1373,river,waterfall,-0.6564981639385223
1374,robbery,rolling,-1.0034684990532696
1375,rod,rod,0.0
1376,role,title,-0.7873398512601852
1377,rolling,sound,-0.8242574483156204
1378,room,sitting,-0.5772755146026611
1379,root,stem,-0.6933819353580475
1380,rope,shore,-0.8454197496175766
1381,rose,rose,0.0
1382,round,shape,-0.854263961315155
1383,row,terrace,-0.7721315175294876
1384,rub,wipe,-0.6501936316490173
1385,ruin,stone,-0.7859002649784088
1386,ruin,town,-0.7800682634115219
1387,running,sprint,-0.8118123710155487
1388,rusty,shade,-0.7847612649202347
1389,rusty,stand,-0.8932806700468063
1390,saddle,soap,-0.7845445275306702
1391,sail,sheet,-0.9600049033761024
1392,sailing,sunk,-0.6138183772563934
1393,sake,shade,-0.9653817228972912
1394,satellite,solar,-0.693339467048645
1395,scenery,trail,-0.7109135389328003
1396,school,welsh,-0.9244185388088226
1397,sea,shore,-0.35818254947662354
1398,sea,submarine,-0.6022380292415619
1399,sea,water,-0.6800216436386108
1400,season,winter,-0.6827615797519684
1401,seize,take,-0.7053946256637573
1402,series,string,-0.7261996865272522
1403,sex,sex,0.0
1404,sexy,smile,-0.7548132389783859
1405,shade,tree,-0.5613278150558472
1406,shade,whale,-0.9293203949928284
1407,shadow,sunlight,-0.6871673166751862
1408,shape,square,-0.8595007359981537
1409,sheet,sheet,0.0
1410,shining,work,-0.9803190566599369
1411,ship,spouse,-0.9492717385292053
1412,shirt,tiger,-0.845125213265419
1413,shopping,store,-0.5244552493095398
1414,shore,swim,-0.6459868252277374
1415,shore,town,-0.657402515411377
1416,shore,valley,-0.776020959019661
1417,short,trading,-0.9066899716854095
1418,sight,vision,-0.7701088786125183
1419,sign,sign,0.0
1420,silence,still,-0.8529427945613861
1421,single,sole,-0.6699881553649902
1422,sitting,sleep,-0.6827676892280579
1423,situation,things,-0.5800545811653137
1424,skate,vehicle,-0.990498498082161
1425,skating,sticker,-0.9715521149337292
1426,skin,skin,0.0
1427,sky,sunlight,-0.5105324387550354
1428,skyline,view,-0.6459384858608246
1429,slash,stroke,-0.8336677253246307
1430,slave,worker,-0.7521084696054459
1431,sleeping,waking,-0.48906826972961426
1432,small,valley,-0.8653572499752045
1433,small,village,-0.7898130714893341
1434,smile,time,-0.9130015224218369
1435,smile,view,-0.928498275578022
1436,smile,walk,-0.8036485761404037
1437,smoking,sunny,-0.9164693579077721
1438,snap,touch,-0.7240966558456421
1439,sock,stocking,-0.6672182381153107
1440,solstice,summer,-0.6021897196769714
1441,song,vocal,-0.5741764605045319
1442,speech,word,-0.6932458281517029
1443,spin,sweat,-0.8503188788890839
1444,spiral,staircase,-0.4746161699295044
1445,spread,spread,0.0
1446,square,town,-0.6952522397041321
1447,stamp,weave,-0.9018256068229675
1448,stand,tear,-0.8213412761688232
1449,stand,walk,-0.595454216003418
1450,star,star,0.0
1451,star,storm,-0.8849908709526062
1452,steel,wing,-0.9144429937005043
1453,step,travel,-0.9714401494711637
1454,step,walk,-0.7172152996063232
1455,step,wind,-0.9270220920443535
1456,sticker,track,-0.9609372727572918
1457,stock,stock,0.0
1458,storm,thunderstorm,-0.4216238856315613
1459,straight,stretch,-0.628898024559021
1460,strains,trouble,-0.7589186578989029
1461,stream,waterfall,-0.5835690796375275
1462,stripe,train,-0.9804250933229923
1463,stripe,violet,-0.6513501107692719
1464,subway,underground,-0.5118845701217651
1465,subway,valentine,-0.9554798305034637
1466,sun,sun,0.0
1467,sun,sunburst,-0.7954983860254288
1468,sun,sunlight,-0.4144386649131775
1469,sun,sunshine,-0.5074338018894196
1470,sunlight,thriller,-0.8978891298174858
1471,sunny,weather,-0.4867510199546814
1472,sunny,wet,-0.7641822248697281
1473,sunshine,weather,-0.5339266955852509
1474,support,trace,-0.8932240828871727
1475,surface,territory,-0.909526914358139
1476,surfer,wave,-0.8272383660078049
1477,tall,wool,-0.809303417801857
1478,tenure,term,-0.4263647794723511
1479,thing,thing,0.0
1480,ticket,writing,-0.9516134969890118
1481,tops,tops,0.0
1482,touch,upset,-0.8577917218208313
1483,tour,travel,-0.6171825230121613
1484,traffic,traffic,0.0
1485,train,train,0.0
1486,travel,travel,0.0
1487,travel,wandering,-0.8192890733480453
1488,tunnel,underground,-0.43148350715637207
1489,type,write,-0.8757712990045547
1490,valley,village,-0.5111812055110931
1491,van,vine,-0.8964338451623917
1492,violet,white,-0.6703058481216431
1493,violet,yellow,-0.5783469378948212
1494,washer,worker,-0.9272883012890816
1495,water,water,0.0
1496,ways,ways,0.0
1497,weather,winter,-0.47212648391723633
1498,wednesday,weekday,-0.7516298890113831
1499,word,word,0.0
